{
    "key": "group_6491aa5a329c1",
    "title": "Glass Construction",
    "fields": [
        {
            "key": "field_64af5568520d8",
            "label": "Glass Construction",
            "name": "glass_construction_offer",
            "type": "repeater",
            "instructions": "",
            "required": 0,
            "conditional_logic": 0,
            "wrapper": {
                "width": "",
                "class": "",
                "id": ""
            },
            "collapsed": "",
            "min": 0,
            "max": 0,
            "layout": "block",
            "button_label": "",
            "sub_fields": [
                {
                    "key": "field_64af5586520d9",
                    "label": "Top Row Content",
                    "name": "",
                    "type": "accordion",
                    "instructions": "",
                    "required": 0,
                    "conditional_logic": 0,
                    "wrapper": {
                        "width": "",
                        "class": "",
                        "id": ""
                    },
                    "open": 0,
                    "multi_expand": 0,
                    "endpoint": 0
                },
                {
                    "key": "field_64af55a5520db",
                    "label": "Left Image",
                    "name": "left_glass_below_foutth_image",
                    "type": "image",
                    "instructions": "Image Size : Width-1150px ::: Height-700px",
                    "required": 0,
                    "conditional_logic": 0,
                    "wrapper": {
                        "width": "",
                        "class": "",
                        "id": ""
                    },
                    "return_format": "url",
                    "preview_size": "thumbnail",
                    "library": "all",
                    "min_width": "",
                    "min_height": "",
                    "min_size": "",
                    "max_width": "",
                    "max_height": "",
                    "max_size": "",
                    "mime_types": ""
                },
                {
                    "key": "field_64af55c8520dc",
                    "label": "Description",
                    "name": "glass_below_fouth_description",
                    "type": "wysiwyg",
                    "instructions": "",
                    "required": 0,
                    "conditional_logic": 0,
                    "wrapper": {
                        "width": "",
                        "class": "",
                        "id": ""
                    },
                    "default_value": "",
                    "tabs": "all",
                    "toolbar": "full",
                    "media_upload": 1,
                    "delay": 0
                },
                {
                    "key": "field_64af55e2520dd",
                    "label": "Below Row Content",
                    "name": "",
                    "type": "accordion",
                    "instructions": "",
                    "required": 0,
                    "conditional_logic": 0,
                    "wrapper": {
                        "width": "",
                        "class": "",
                        "id": ""
                    },
                    "open": 0,
                    "multi_expand": 0,
                    "endpoint": 0
                },
                {
                    "key": "field_64af55f3520de",
                    "label": "Right Image",
                    "name": "right_glass_below_fifth_image",
                    "type": "image",
                    "instructions": "Image Size : Width-1150px ::: Height-700px",
                    "required": 0,
                    "conditional_logic": 0,
                    "wrapper": {
                        "width": "",
                        "class": "",
                        "id": ""
                    },
                    "return_format": "url",
                    "preview_size": "thumbnail",
                    "library": "all",
                    "min_width": "",
                    "min_height": "",
                    "min_size": "",
                    "max_width": "",
                    "max_height": "",
                    "max_size": "",
                    "mime_types": ""
                },
                {
                    "key": "field_64af5614520df",
                    "label": "Description",
                    "name": "glass_below_fifth_description",
                    "type": "wysiwyg",
                    "instructions": "",
                    "required": 0,
                    "conditional_logic": 0,
                    "wrapper": {
                        "width": "",
                        "class": "",
                        "id": ""
                    },
                    "default_value": "",
                    "tabs": "all",
                    "toolbar": "full",
                    "media_upload": 1,
                    "delay": 0
                }
            ]
        }
    ],
    "location": [
        [
            {
                "param": "page",
                "operator": "==",
                "value": "191"
            }
        ]
    ],
    "menu_order": 0,
    "position": "normal",
    "style": "default",
    "label_placement": "top",
    "instruction_placement": "label",
    "hide_on_screen": "",
    "active": true,
    "description": "",
    "modified": 1689231600
}